Stara nazwa;Nowa nazwa
ACTIVIA BEZ LAKTO;ACTIVIA BEZ LAKTOZY
Agen Max Tłuszcz 750ml;Agent Max Tłuszcz 750ml
ALLNUTRITION ELECTROLYTES MUSUJĄCE 20 tab ORANGE;ALLNUTRITION ELECTROLYTES ORANGE 20 TAB
ALLNUTRITION VITAMINALL SPORT 60 kap;ALLNUTRITION VITAMINALL SPORT 60 KAP
Alpro Napój Sojowy Niesłodzony 1L;Alpro Napój Sojowy Niesłodzony 1L
AlproNapSojNiest1l;Alpro Napój Sojowy Niesłodzony 1L
ALTAPHARMA TABLET/BL;ALTAPHARMA TABLETKI
AnanasMroznakr500g;Ananas Mrożony Krojony 500g
AnanasMrożnaKr500g;Ananas Mrożony Krojony 500g
ANAPRAN 0,55 G 60 TABL.;ANAPRAN 0,55 G 60 TABL.
Avokado Hass szt;Awokado Hass szt
Awokado;Awokado szt
AWOKADO HASS SZT;Awokado Hass szt
BADGIEL WYSOKOBIALKOWY 92;Bajgiel Wysokobiałkowy
BAGIEL WYSOKOBIAŁKOWY;Bajgiel Wysokobiałkowy
Bajgiel Z Ziarnami 100g;Bajgiel z Ziarnami 100g
Bajgiel Ziarniani 100g;Bajgiel z Ziarnami 100g
BajgielZziarnami100g;Bajgiel z Ziarnami 100g
BajgielZziarniani100g;Bajgiel z Ziarnami 100g
Baklawa 250g;Baklawa 250g
Balsam Nivea 100ml;Balsam Nivea 100ml
Balsam Nivea Sensitive;Balsam Nivea Sensitive
Bana Luz;Banan Luz
Banan Luz;Banan Luz
Banan luzem;Banan Luz
Banany luz;Banan Luz
Banany w banderoli;Banany w banderoli
BarszczCzerMiniar60g;Barszcz Czerwony Instant 60g
BarszczCzerwinlar60g;Barszcz Czerwony Instant 60g
Baton Mars 3x45g;Baton Mars 3x45g
Baton Snickers 3x50g;Baton Snickers 3x50g
Baton Twix 3x50g;Baton Twix 3x50g
BEZMIĘSNA SZYNKA;Bezmięsna Szynka
BIELIZNA MESKA;Bielizna męska
BIF ZIO MEL20T;BIF ZIO Melisa 20t
Bilet kolejowy: Poznań Główny - Grodzisk Wielkopolski;Bilet kolejowy: Poznań Główny - Grodzisk Wielkopolski
Bilet na przejazd pociągiem;Bilet na przejazd pociągiem
BIO NAP. OWSIANY UHT 1L;Bio napój owsiany 1L
Bio napoj ousiany 2;Bio napój owsiany 1L
Bio napój ousiany 2;Bio napój owsiany 1L
Bio napój owsiany;Bio napój owsiany 1L
Bio napój owsiany 2;Bio napój owsiany 1L
Bio Napój sojowy;Bio napój sojowy
BIO Ocet jabłkowy;Bio ocet jabłkowy
Blue Dragon Sos;Blue Dragon Sos
BOCZEK KAMINARZ WĘDZ.;Boczek KAMINARZ Wędzony
BordrukMzrozKrain500g;Borówka mrożona Kraina 500g
BoróukaAneryk 300g;Borówka amerykańska 300g
Borówka Ameryk 300g;Borówka amerykańska 300g
BorówkaMrożKrain500g;Borówka mrożona Kraina 500g
Brioszka 4szt 200g;Brioszka 4szt 200g
Brioszka 75g;Brioszka 75g
Brita Dzbanek 2,4L;Brita Dzbanek 2,4L
BrzoskuMrożKrain500g;Brzoskwinie mrożone Kraina 500g
Brzoskwinia Luz;Brzoskwinia Luz
Brzoskwinie mrożone Krain 300g;Brzoskwinie mrożone Kraina 300g
BrzoskwMrożKrain300g;Brzoskwinie mrożone Kraina 300g
BULKA FINIES 72G C;Bułka fitnes 72g
BULKA MO WROCLAWSKA C;Bułka Wrocławska
Bulka Razowa 80g;Bułka Razowa 80g
BULKA WIELKOZIARNISTA 110g-C;Bułka wieloziarnista 110g
BULKA WIELOZIARNISTA 110g;Bułka wieloziarnista 110g
BULKA Z DYNIA;Bułka z dynią 100g
BULKA Z DYNIA 100G;Bułka z dynią 100g
BULKA Z DYNIA 100g-C;Bułka z dynią 100g
BULKA Z SEREM 65g;Bułka z serem 65g
BULKA Z SEREM 65g-C;Bułka z serem 65g
BulkaSniPelnoz73g;Bułka śniadaniowa pełnoziarnista 73g
BUŁKA BAVARSKA WW 100G;Bułka bawarska 100g
Bułka bawarska;Bułka bawarska 100g
BUŁKA BAWARSKA WW 100G;Bułka bawarska 100g
BUŁKA BRIOSZKA 100 G;Bułka brioszka 100g
Bułka grachamka;Bułka grahamka
Bułka Grahamka 70g;Bułka Grahamka 70g
Bułka Grahamka xxl;Bułka Grahamka XXL
Bułka maślana z żurawiną 70 g;Bułka maślana z żurawiną 70g
Bułka Paryska 240g;Bułka Paryska 240g
Bułka poranna fit 80g;Bułka poranna fit 80g
Bułka Razowa 80g;Bułka Razowa 80g
Bułka rustykalna 70 g;Bułka rustykalna 70g
Bułka wieloziarnista 110g;Bułka wieloziarnista 110g
Bułka Wysokob 80 g;Bułka wysokobiałkowa 80g
Bułka Wysokobiałkowa 80g;Bułka wysokobiałkowa 80g
Bułka z serem żółtym 70g;Bułka z serem żółtym 70g
BUŁKA ZIEMNIAC;Bułka ziemniaczana
BułkaGrahanka 70g;Bułka Grahamka 70g
BułkaPorannaFit80g;Bułka poranna fit 80g
BułkaRazouua80g;Bułka Razowa 80g
BułkaRazowa80g;Bułka Razowa 80g
BułkaSmlPełnoz73g;Bułka śniadaniowa pełnoziarnista 73g
BułkaZakuZytOtęb 80g;Bułka żytnia z otrębami 80g
Bułki Hot-Dog, franc.;Bułki Hot-Dog francuskie
Burger Wołowy 158g;Burger Wołowy 158g
Butka pasterska 90g;Bułka pasterska 90g
Butka Wysokob 80 g;Bułka wysokobiałkowa 80g
ButkaGrahanka 70g;Bułka Grahamka 70g
ButkaRazova80g;Bułka Razowa 80g
C_MINI PIZZA 100 G;MINI PIZZA 100G
Cebula Zólta Luz;Cebula Żółta Luz
Cebula Żółta Luz;Cebula Żółta Luz
CH. TORBA PAPIEROWA LEWIATAN 250SZT K 1 A;Torba Papierowa Lewiatan 250szt
Chipsy bananowe całe 500g;Chipsy bananowe całe 500g
CHIPSY LONG CHIPS MAGI;Chipsy Long Chips Magi
Chipsy Paprykowe 150g;Chipsy Paprykowe 150g
Chipsy Pringles GrSt 165g;Chipsy Pringles 165g
Chipsy w kotle praż.;Chipsy w kotle prażone
Chipsy Zielona Cebulka 150g;Chipsy Zielona Cebulka 150g
ChipsyZiel Cebul;Chipsy Zielona Cebulka 150g
ChipsyZieleiCebul150g;Chipsy Zielona Cebulka 150g
CHLEB 7 ZBOZ 390 G;Chleb 7 Zbóż 390g
CHLEB 7 ZBOŻ 390 G;Chleb 7 Zbóż 390g
CHLEB 7 ZIAREN 390 G;Chleb 7 Ziaren 390g
Chleb bezglutenowy;Chleb bezglutenowy
Chleb bezglutenowy cienki 230g;Chleb bezglutenowy cienki 230g
CHLEB GÓRSKI;Chleb Górski
Chleb Królewski 500g;Chleb Królewski 500g
CHLEB MO FIRMOWY KR C;Chleb Firmowy
Chleb mul ziar335g;Chleb Multiziarno 335g
Chleb Orkisz Ziarn 410g;Chleb Orkiszowy z ziarnami 410g
Chleb Past Recz Zaw 500g;Chleb Pasterski Ręcznie Zawijany 500g
CHLEB PSZENICZNY 410G;Chleb Pszeniczny 410g
CHLEB RAZOWY Z 02 e;Chleb Razowy
CHLEB RAZOWY Z ZIAR.KR;Chleb Razowy z ziarnami
CHLEB RAZOWY Z ZIAR.NK;Chleb Razowy z ziarnami
Chleb rodzinny410g;Chleb Rodzinny 410g
Chleb Slonecz 480g;Chleb Słonecznikowy 480g
Chleb Słonecz 480g;Chleb Słonecznikowy 480g
Chleb wieloz 450g;Chleb Wieloziarnisty 450g
CHLEB WIELOZIARN;Chleb Wieloziarnisty 450g
Chleb wieloziarnisty;Chleb Wieloziarnisty 450g
Chleb wieloziarnisty 450g;Chleb Wieloziarnisty 450g
Chleb Zytni 600g;Chleb Żytni 600g
Chleb Żytni 600g;Chleb Żytni 600g
Chleb żytni słonecz;Chleb Żytni Słonecznikowy
Chleb żytni słonecznikowy;Chleb Żytni Słonecznikowy
Chleb żytni z ziarnami 400g;Chleb Żytni z ziarnami 400g
Chleb żytni, słonecz.;Chleb Żytni Słonecznikowy
Chleb żytni,słonecz.;Chleb Żytni Słonecznikowy
Chleb żytni.stonecz.;Chleb Żytni Słonecznikowy
ChlebBezgl.Ciem.250g;Chleb Bezglutenowy Ciemny 250g
ChlebBezgl.Cien.230g;Chleb Bezglutenowy Cienki 230g
ChlebBStyIWloski500g;Chleb w Stylu Włoskim 500g
ChlebürkiszZiarn410g;Chleb Orkiszowy z ziarnami 410g
ChlezytnZZiarn 400g;Chleb Żytni z ziarnami 400g
Choc.Pretz.Mieszanka;Choco Pretzels Mieszanka
CHRU.KUKU.W POLEW. 120G;Chrupki Kukurydziane w polewie 120g
CHRUPKI W CZEK.MLECZN;Chrupki w czekoladzie mlecznej
ChrupkiGłodCzeko100g;Chrupki Głodniaki Czekoladowe 100g
Chusteczki Delikatne 10x10szt;Chusteczki Delikatne 10x10szt
Ciabatta 80 g;Ciabatta 80g
CIABATTA FINTES 8;Ciabatta Fitnes 
Ciast Karpatka kg;Ciasto Karpatka kg
Ciastka Kakao z Orzechami 210g;Ciastka Kakao z Orzechami 210g
Ciastka Kakaowe 210g;Ciastka Kakaowe 210g
Ciastka kruche;Ciastka kruche
Ciastka Kruszyn 210g;Ciastka Kruszyn 210g
Ciastka Kulkalki 1250g;Ciastka Kulki 1250g
Ciastka Na Wagę Mix;Ciastka na wagę Mix
Ciastka pistacjowe;Ciastka pistacjowe
Ciastka Wiane Szeszam;Ciastka owsiane sezam
Ciastka z Czekolada;Ciastka z czekoladą
CiastkaKallageMix;Ciastka na wagę Mix
Ciastkakrusz190 225g;Ciastka Kruszyn 210g
Ciastkakruszyn 210g;Ciastka Kruszyn 210g
CiastkaKruszyn210g;Ciastka Kruszyn 210g
CiastkaNadzieWagMix;Ciastka nadziewane na wagę Mix
CiastkaNaWageMix;Ciastka na wagę Mix
CiastkoKakaoBanan70g;Ciastko Kakao Banan 70g
CiastkOrze210g;Ciastka Orzechowe 210g
Ciasto Jabłecznik;Ciasto Jabłecznik
Ciasto Sernik Lion;Ciasto Sernik Lion
CiastoBudyniou400g;Ciasto Budyniowe 400g
CiastoChrupToffi450g;Ciasto Chrup Toffi 450g
Ciastokróuka KG;Ciasto Krówka kg
CiastoWafel300g;Ciasto Wafel 300g
CiecHasSpi540 400g;Ciecierzyca 400g
Ciecierzyca 400g;Ciecierzyca 400g
Ciecierzyca 540g;Ciecierzyca 540g
CLEAN COMFORT;Clean Comfort
COLAORIGINTZER1.5L;Cola Original Zero 1.5l
CUKIER DR.OET.166;Cukier Dr Oetker
cukier trzc 0,5kg;Cukier trzcinowy 0,5kg
Cukier Wanil 5X16g;Cukier wanilinowy 5x16g
Cukierki Michałki 250g;Cukierki Michałki 250g
CukierkMichałki250g;Cukierki Michałki 250g
CukierKrockRoshLuz;Cukierki Krock Roshen Luz
CukierMichałBiałLuz;Cukierki Michałki Białe Luz
Cukinia luz;Cukinia luz
Cukinia luzem;Cukinia luz
Cyclo 3 Fort 30 kaps./HC/;Cyclo 3 Fort 30 kaps.
Cymes Lemoniada 20%;Cymes Lemoniada 20%
Cynamon Cejloński Mielony 100g;Cynamon Cejloński Mielony 100g
CynamonkaDekor130g;Cynamonka Dekoracyjna 130g
CZEK.LEWIATAN MLECZNA Z NADZ ARCH 100G A;Czekolada Lewiatan Mleczna z Nadzieniem 100g
CZEK.MILKA OREO WH.100;Czekolada Milka Oreo 100g
Czek2CatCrzMel100g;Czekolada z orzechami 100g
CZEKOLADA 200G;Czekolada 200g
Czekolada b/z orzech;Czekolada z orzechami 100g
Czekolada gorzka z orzechami;Czekolada gorzka z orzechami
CZEKOLADA MATCHA TRUSKAWKOWA 74G;Czekolada Matcha Truskawkowa 74g
Czekolada mleczna z orzechami;Czekolada mleczna z orzechami
CZEKOLADA PISTACJOWA 140G;Czekolada Pistacjowa 140g
Czekoladki nadz185g;Czekoladki nadziewane 185g
CzekoMilkaDain145g;Czekolada Milka Daim 145g
CzekoPreckarnMelt95g;Czekolada Precle i Karmel 95g
Czynsz;Czynsz
Danie HP Makaron;Danie HP Makaron
Danie HP Makaron ryż;Danie HP Makaron ryżowy
Danie obiadowe 1;Danie obiadowe 1
DanieDykaMix17-122g;Danie Dynia Mix 122g
DanieGulaszCuline 50;Danie Gulasz Culineo
DanieJapOyakata 93 g;Danie Japońskie Oyakata 93g
DanieKurTerDyka96g;Danie Kurczak Teriyaki 96g
DanieProtIndyjsk400g;Danie Proteinowe Indyk 400g
DanTorMiRanOyaka89g;DanTor Miran Oyakata 89g
DanTorSSRanOyaka83g;DanTor Sos Oyakata 83g
DEO ORIGINAL STR8150ML;Dezodorant Original STR 150ml
DePuwer Witamina 03 2000 60 kaps/;Depuwer Witamina D3 2000 60 kaps
Deseczko Desella 200g;Deser Desella 200g
DESER POEZJA LUX CZEKO;Deser Poezja Lux Czekoladowy
DESER POEZJA LUXTOFFI;Deser Poezja Lux Toffi
DESER RISO WINT MIX 175g-C;Deser Riso Winter Mix 175g
Deser twarogowy HP;Deser twarogowy HP
DesJabłecznoDesse140g;Deser Jabłeczny Desella 140g
DesOrzecDessella200g;Deser Orzechowy Desella 200g
DesStKarDessella200g;Deser St. Kar. Desella 200g
DEXTER TASMA MASK 25MMX25M BIA;Dexter Taśma Maskująca 25mm x 25m Biała
Dętka 700 x 28-47 28 x 1.1-1.75 [28/47-622/635];Dętka 700 x 28-47
Doppelherz aktiv Omega-3 Forte 60;Doppelherz aktiv Omega-3 Forte 60
dostawa;Dostawa-usługa
Dove Żel Clean 400ml;Dove Żel Clean 400ml
Dove Żel ExFresh 400ml;Dove Żel ExFresh 400ml
Dr z budynie 120 g.;Dr. Oetker budyń 120g
Dr. O.kaszka, budyń;Dr. Oetker kaszka, budyń
DR.R.BROWNIE DUBAI;Dr. R. Brownie Dubai
DR.R.SNICKERS;Dr. R. Snickers
Draz Koko Skau130g;Draże Kokosowe Skawa 130g
Draż Koko Skau 130g;Draże Kokosowe Skawa 130g
Draż Koko Skau130g;Draże Kokosowe Skawa 130g
Draże Koko Skau 130g;Draże Kokosowe Skawa 130g
Draże kokosowe Skau 130g;Draże Kokosowe Skawa 130g
Draże Kokosowe Skawa 130g;Draże Kokosowe Skawa 130g
Draże Korsarz XXL;Draże Korsarz XXL
Draże Skawa Kokosowe 130g;Draże Kokosowe Skawa 130g
DRAŻE.KAPITAN.KOKO.130G;Draże Kapitan Koko 130g
Drążki Chrupkie St 200g;Drążki Chrupkie 200g
DROZDZOW POLFRA 10 C;Drożdżówka
drozdzowka;Drożdżówka
Drożdż Budy Porzec 110g;Drożdżówka z budyniem i porzeczką 110g
Drożdżówka z serem 120 g;Drożdżówka z serem 120g
DuocovyMixMK750g;Dżem owocowy Mix 750g
Dzem 100% Rap 220g;Dżem 100% Truskawkowy Rapsodia 220g
Džem 100% Rap 220g;Dżem 100% Truskawkowy Rapsodia 220g
Dzem 100% z trusk.;Dżem 100% Truskawkowy
Džem 100% z trusk.;Dżem 100% Truskawkowy
Dzem 100% z trusk. 2;Dżem 100% Truskawkowy
DZEM HERBAPOL OWOCE LA;Dżem Herbapol Owoce
DZEM LOWICZ 280G;Dżem Łowicz 280g
Dzem Trusk Rap220g;Dżem 100% Truskawkowy Rapsodia 220g
Dzem truskawk 410g;Dżem truskawkowy 410g
Dzen 100% rap 220g;Dżem 100% Truskawkowy Rapsodia 220g
DzenkowiczTruska210g;Dżem 100% Truskawkowy Rapsodia 210g
DzenMalinRapso280g;Dżem 100% Malinowy Rapsodia 280g
DzenWisnia6Kcal200g;Dżem 100% Wiśniowy Rapsodia 200g
Dzień 100% z owoców;Dżem 100% Truskawkowy
Dżem 100% Rap 220g;Dżem 100% Truskawkowy Rapsodia 220g
Dżem 100% z trusk.;Dżem 100% Truskawkowy
Dżem 100% z trusk. 2;Dżem 100% Truskawkowy
Dżem 100% z truskawek;Dżem 100% Truskawkowy
Dżem Brzoskwiniowy Rapsodia 220g;Dżem Brzoskwiniowy Rapsodia 220g
Dżem truskawkowy;Dżem truskawkowy
Dżen Trusk Rap220g;Dżem 100% Truskawkowy Rapsodia 220g
ECTODOSE rozwór do inhalacji 20 ampułek x 2,5 ml;Ectodose roztwór do inhalacji 20 ampułek
Egzotyczny Mix 500g;Egzotyczny Mix 500g
El Tequito Oliwki;El Tequito Oliwki
ELEKTROLITY KRUGE;Elektrolity Kruge
Energia elektryczna czynna;Energia elektryczna czynna
Energia elektryczna czynna całodobowa;Energia elektryczna czynna całodobowa
ETI Wafelek Dare;Eti Wafelek Dare
FAIRY PŁYN LEMON 750ML;Fairy Płyn Lemon 750ml
Familijna Bułka Pełnoziarnista;Familijna Bułka Pełnoziarnista
Familijna Drożdżówka;Familijna Drożdżówka
Fasola got 300g;Fasola gotowana 300g
Fasola mrożona Kraina 450g;Fasola mrożona Kraina 450g
Fasola po Bretońsku w Pudelku 610g;Fasola po bretońsku w pudełku 610g
FasolaMrKraina450g;Fasola mrożona Kraina 450g
FasolaNS400 240g;Fasola  240g
Filet Indyk Parzony Krojony 100g;Filet z indyka parzony krojony 100g
Filet Pure Warzywny 400g;Filet Pure Warzywny 400g
Filet Purewar 2400g;Filet Pure Warzywny 400g
Filet Purewarz 400g;Filet Pure Warzywny 400g
FiletIndyWędzonKW100g;Filet z indyka wędzony 100g
FiletPureMarz400g;Filet Pure Warzywny 400g
FiletPureWarz400g;Filet Pure Warzywny 400g
Fish Nuggets Papryka 240g;Fish Nuggets Papryka 240g
Fish Nuggets Zielona Cebulka 240g;Fish Nuggets Zielona Cebulka 240g
FistaszkiBakad400g;Fistaszki Bakaland 400g
FixCulineo Napoli 45g;Fix Culineo Napoli 45g
Focaccia;Focaccia
foodposilek;Foodposiłek
Frankfurterki 270g;Frankfurterki 270g
Frankfurty Myśliwskie 320g;Frankfurterki Myśliwskie 320g
FreewayColaZERO 0,33l;Freeway Cola Zero 0,33l
Freshline Rukola 160g;Freshline Rukola 160g
Freshline Szpinak 150g;Freshline Szpinak 150g
FruytkiKarbPrPott1kg;Frytki Karbowane Proste 1kg
G BANAN;G Banan
G PIEROGI FRESH SZPINAK;Pierogi Fresh Szpinak
G ROSHEN WAF. COC. ALM.216;Roshen Wafelki Coconut Almond 216g
G SZARE KLUSKI KP-400G;Szare Kluski 400g
GALARETA D/W 160g;Galaretka 160g
GILLETTE FUSION 5\AX;Gillette Fusion 5 Wkłady
GILLETTE FUSION S\AX;Gillette Fusion 5 Wkłady
Glads Danie WOK 95g;Glads Danie Wok 95g
GNIAZDKO BORÓWKA;Gniazdko Borówka
Gnocchi świeże;Gnocchi świeże
GnocchiSwieze500g;Gnocchi świeże 500g
Golarka Remington RX7 Ultimate Series Head Shaver XR1600;Golarka Remington RX7 Ultimate Series Head Shaver XR1600
Golonka pieczeniowa kg;Golonka pieczeniowa kg
Gołąbki Jadło 500g;Gołąbki Jadło 500g
GOŁĄBKI KUCH POLK550G;Gołąbki Kuchnia Polka 550g
Gołąbki Pudlisz590g;Gołąbki Pudliszki 590g
GOONG Danie instant;Goong Danie Instant
Graal Sałatka Tuńczyk 160g;Graal Sałatka Tuńczyk 160g
Graal Sałatka z tun.;Graal Sałatka z Tuńczykiem
Graal Sałatka z tuń.;Graal Sałatka z Tuńczykiem
Granulat sojowy 250g;Granulat sojowy 250g
Grapef Czer Luz;Grejpfrut Czerwony Luz
Grapefruit Czer Luz;Grejpfrut Czerwony Luz
Grosz NaszSpi2400g 2;Groszek Nasz Spiżarnia 400g
Groszek March 450g;Groszek Marchew 450g
GROSZEK PUDLISZKI 400G;Groszek Pudliszki 400g
Gru Kon Luz;Gruszka Konferencja Luz
Gruszka;Gruszka
Gruszka Konferen. luz;Gruszka Konferencja Luz
GRUSZKA PACKHAM;Gruszka Packham
Gruszki deserowe;Gruszki deserowe
Gruszki Konferencja Luz;Gruszka Konferencja Luz
Grześki Na Krawędzi Peanut Butter 40g;Grześki Na Krawędzi Peanut Butter 40g
Gyoza Kurczak 230g;Gyoza Kurczak 230g
Gyoza Warzywna 230g;Gyoza Warzywa 230g
HarzPolOrieTur450g;Harz Polskie Orientale 450g
HASLANKA TRUSKAWKOWA 400g;Maślanka Truskawkowa 400g
HBO Max;HBO Max
HER.EKSP.BIFIX RUMIANE;Herbata Ekspresowa Bifix Rumianek
HERB HERBAPOL 20T;Herbata Herbapol 20T
HERB.HERBAPOL 20T;Herbata Herbapol 20T
HERB.HERBAPOL LIP;Herbata Herbapol Lipa
HerbaPol ZielnikPol;Herbata Herbapol Zielnik Polski
Herbapol ZielnikPol.;Herbata Herbapol Zielnik Polski
HERBATA BIFIX MELISA;Herbata Bifix Melisa
Herbata Zielona 25 torebek;Herbata Zielona 25 torebek
Herbatka pol. zioła;Herbatka Polskie Zioła
HERBATNIKI MIGDAŁOWE;Herbatniki Migdałowe
High Protein Parówki;High Protein Parówki
HighProtein Pudding;High Protein Pudding
HOT DOG 290 G;Hot Dog 290g
HP Deser twarog. 1;HP Deser twarogowy
HP Deser XXL;HP Deser XXL
HP Jogurt owocowy;HP Jogurt owocowy
HP Lody u kubku;HP Lody w kubku
HP Napój sojowy;HP Napój sojowy
Hummus Pesto GV160g;Hummus Pesto 160g
Hummus Spicy GV 160gN;Hummus Spicy 160g
Hummus Spicy GV160g;Hummus Spicy 160g
HummusKlasycz160gN;Hummus Klasyczny 160g
HummusKlasyczny160gN;Hummus Klasyczny 160g
HummusOrienGU160gN;Hummus Orientalny 160g
HummusPamid160gN;Hummus Pomidorowy 160g
HummusPapr160gN;Hummus Paprykowy 160g
HummusPestoGU160gN;Hummus Pesto 160g
HummusSpicyGU160gN;Hummus Spicy 160g
IANA INTENSIVE KR/BL;Iana Intensive Krople do oczu
IANA INTENSIVE KR\BL;Iana Intensive Krople do oczu
IANA INTENSIVE KRBL;Iana Intensive Krople do oczu
IANA INTENSIVE KRLBL;Iana Intensive Krople do oczu
Iana Intensive Krople do oczu;Iana Intensive Krople do oczu
Inea - internet;Inea - internet
IOPRAZOL BIO MAX X 14 KAPS.;Bioprazol Bio Max 14 kaps.
Jabł Jonagold luz;Jabłka Jonagold luz
Jabłk Golden Luz;Jabłka Golden Luz
Jabłka Cortland Luzem;Jabłka Cortland Luzem
Jabłka Gala luz;Jabłka Gala luz
Jabłka Grójeckie luz;Jabłka Grójeckie luz
Jabłka polskie czerwone;Jabłka polskie czerwone
Jabłko pol czerwone;Jabłka polskie czerwone
Jae Ngo L.;Jaja Ngo L.
Jaja Ściółkowe L;Jaja Ściółkowe L
Jaja W Wb M10szt;Jaja z wolnego wybiegu M 10szt
Jaja w Włb M10szt;Jaja z wolnego wybiegu M 10szt
Jaja W Wyb L 10szt;Jaja z wolnego wybiegu L 10szt
Jaja W Wyb M10szt;Jaja z wolnego wybiegu M 10szt
JARMUZ MYTY Vf 200g;Jarmuż Myty 200g
Jellybeans 200g;Jelly Beans 200g
JOG NATURAL JANA 200g;Jogurt Naturalny Jana 200g
JOG.JANA NAT.200G;Jogurt Naturalny Jana 200g
Jog.nat. z bak.prob.;Jogurt naturalny z bakteriami probiotycznymi
Jog.nat.z bak.prob.;Jogurt naturalny z bakteriami probiotycznymi
Jogatura (Jana);Jogurt Jana
JogMalinaJogob175g;Jogurt Malinowy Jogobella 175g
JogNatPrimo180g;Jogurt Naturalny Primo 180g
JogNatPrimo180g+20g;Jogurt Naturalny Primo 180g + 20g
JogNatPrimo180L;Jogurt Naturalny Primo 180g
JogNatPrino180g;Jogurt Naturalny Primo 180g
JogNatural Jana 200g;Jogurt Naturalny Jana 200g
JogNatural Jana200g;Jogurt Naturalny Jana 200g
JogNaturalBio140g;Jogurt Naturalny Bio 140g
JogNaturalJana200g;Jogurt Naturalny Jana 200g
JogNaturPrino370g;Jogurt Naturalny Primo 370g
JogNetPrimo180g;Jogurt Naturalny Primo 180g
JogobelExotic 175g;Jogobella Exotic 175g
JogPit 0%TrusFruv 400g;Jogurt Pitny 0% Truskawka Owoce 400g
Jogu zott prin 160g+20g;Jogurt Zott Primo 160g + 20g
Jogurt 0% Tłuszczu i owoców 400g;Jogurt 0% Tłuszczu i owoców 400g
Jogurt Danio 180g + 20g;Jogurt Danio 180g + 20g
JOGURT JOVI 350g-C;Jogurt Jovi 350g
Jogurt malina-jagoda;Jogurt malina-jagoda
Jogurt nat.b.laktozy;Jogurt naturalny bez laktozy
Jogurt natur. 200g;Jogurt naturalny 200g
Jogurt naturalny 200g;Jogurt naturalny 200g
Jogurt naturalny Activ 165g;Jogurt naturalny Activ 165g
Jogurt Naturalny Jana 200g;Jogurt Naturalny Jana 200g
Jogurt Naturalny Primo 180g;Jogurt Naturalny Primo 180g
Jogurt Naturalny Primo 180g+20g;Jogurt Naturalny Primo 180g + 20g
Jogurt owocowy 350g;Jogurt owocowy 350g
Jogurt z musem owocowym;Jogurt z musem owocowym
JOGURT ZOTT PRIMO NATU;Jogurt Zott Primo Naturalny
JoguZottPrim180g;Jogurt Zott Primo 180g
JoguZottPrin 180g+20g;Jogurt Zott Primo 180g + 20g
JoguZottPrin180g;Jogurt Zott Primo 180g
JoguZottPrin180g+20g;Jogurt Zott Primo 180g + 20g
JogZGranTrusk 230g;Jogurt z Granolą Truskawka 230g
K-Classic Sałatka Tuńczyk Amerykański 160g;K-Classic Sałatka Tuńczyk Amerykański 160g
K-Classic Sałatka Tuńczyk Kuskus 160g;K-Classic Sałatka Tuńczyk Kuskus 160g
K-Classic Sałatka Tuńczyk Meksykański 160g;K-Classic Sałatka Tuńczyk Meksykański 160g
K-Classic Tagliatelle 250g;K-Classic Tagliatelle 250g
K.MixOrzechMakad200g;K.Mix Orzechów Makadamia 200g
Kabanoski z baraniną;Kabanoski z baraniną
KABANOSY BERLINKA;Kabanosy Berlinka
KabanosyMysliusk175g;Kabanosy Myśliwskie 175g
KabBekSerCebKra95 g;Kabanosy Bekon Ser Cebula Kraina 95g
KAKI -SZT;Kaki sztuka
Kaki 1kg opak;Kaki 1kg opakowanie
Kaki szt;Kaki sztuka
Kalafior mrożony 450g;Kalafior mrożony 450g
Kalarepa szt.;Kalarepa sztuka
KAPKISZCHARSZ400g;Kapusta Kiszona 400g
KapKiszona520 450g;Kapusta Kiszona 450g
Kaps Ultra Juicy 36szt;Kapsułki Ultra Juicy 36szt
Karta podarunkowa;Karta podarunkowa
KaszkaVitanella50g;Kaszka Vitanella 50g
KauziarDorBraz500g;Kasza Jęczmienna Dorota 500g
KawaMielKronung250g;Kawa Mielona Kronung 250g
Kawiarka do zaparzania kawy Caffè 6 Tz;Kawiarka do zaparzania kawy Caffè 6 Tz
Kefir 1,5 400g;Kefir 1,5% 400g
KEFIR 1.5 400g;Kefir 1,5% 400g
KEFIR 375G POLMLEK;Kefir 375g Polmlek
Kefir Malinowy KOT O.5L;Kefir Malinowy Kot 0.5L
Kefir naturalny 400g;Kefir naturalny 400g
KefirBłaktMlekov375g;Kefir B/Laktozy Mlekovita 375g
KetchKetoRol425g;Ketchup Keto Roleski 425g
Ketchup pikantny;Ketchup pikantny
Ketchup Pikantny 560g;Ketchup Pikantny 560g
KetchupPikanPudl700g;Ketchup Pikantny Pudliszki 700g
KielbCzosNiedzPS300g;Kiełbasa Czosnkowa Niedźwiedzia 300g
KielbSląsie1450g;Kiełbasa Śląska 450g
Kielki Koniczyny 50g;Kiełki Koniczyny 50g
Kieł Z PierKur400g;Kiełbasa z Piersi Kurczaka 400g
KIEŁBASA DROBIOWA TARCZYN 220G;Kiełbasa Drobiowa Tarczyński 220g
Kiełbasa Morlińska;Kiełbasa Morlińska
Kiełbasa Pyo XXL 800g;Kiełbasa Pyszna XXL 800g
KIEŁBASKI BIAŁE 200G;Kiełbaski Białe 200g
Kiełbaski ŚlązMor 400g;Kiełbaski Śląskie Morliny 400g
KiełbŚniadKurcz340g;Kiełbasa Śniadaniowa Kurczak 340g
KiełbWiejska500g;Kiełbasa Wiejska 500g
KIEŁKI MIX SZT;Kiełki Mix sztuka
KiełKrak/Sala 100g;Kiełbasa Krakowska / Salami 100g
KiełKrakKWS 80 g;Kiełbasa Krakowska Sucha 80g
KIMCHI 0.115;Kimchi 
Kiwi 1kg opa;Kiwi 1kg opakowanie
Kiwi Zielone szt;Kiwi Zielone sztuka
KLC.Slonecznik400g;K-Classic Słonecznik 400g
KLEJ VICOL 40ML;Klej Vicol 40ml
KLOPSIKI 500G;Klopsiki 500g
Klopsiki Sokołów 240g;Klopsiki Sokołów 240g
KlopWieprzPudl590g;Klopsiki Wieprzowe Pudliszki 590g
KluRyzITteokbokki300g;Kluski Ryżowe Tteokbokki 300g
Knorr Nudle;Knorr Nudle
KOL ŚWIATA EMUL 2,5L SKALISTE;Koło Świata Emulsja 2,5L Skaliste
KoncBiatGoactCias700;Koncentrat Białka Go Acti 700g
KONCENT.POM.ŁOWICZ 190;Koncentrat Pomidorowy Łowicz 190g
KonPonCulineo190g;Koncentrat Pomidorowy Culineo 190g
konza Ox Radlers.20x;Konza Ox Radler 20x
Kopytka NS 500g;Kopytka Nasza Spiżarnia 500g
KOREK GUMOWY;Korek gumowy
Kornisz.NSPiz 370g;Korniszony Nasza Spiżarnia 370g
KosBuiKnorrBL120g;Kostka Bulionowa Knorr 120g
KosBulKnorr6L120g;Kostka Bulionowa Knorr 120g
KOSTKA;Kostka
Kostki domino;Kostki domino
KOSZ BAMBUSOWY 60L 40X30X50CM;Kosz bambusowy 60L 40x30x50cm
Kotlet Drob 400g;Kotlet Drobiowy 400g
KOTLET DROB400G;Kotlet Drobiowy 400g
Kotlet drobiowy;Kotlet drobiowy
Kotlet Drobiowy 400g;Kotlet Drobiowy 400g
Kotlet Miel 400g;Kotlet Mielony 400g
KOTLET MIEL400g;Kotlet Mielony 400g
Kotlet Mielony 400g;Kotlet Mielony 400g
Kotlet niel z puree;Kotlet mielony z puree
Kotlet Schabowy 400g;Kotlet Schabowy 400g
KotletDrob400g;Kotlet Drobiowy 400g
KotletMiel400g;Kotlet Mielony 400g
KotletSchab400g;Kotlet Schabowy 400g
Kozel pivo;Kozel piwo 0%
Krajanka sojowa bez GMO 250g;Krajanka sojowa bez GMO 250g
KrajankaChili300g;Krajanka Chili 300g
Krem Crunchy 500g;Krem Crunchy 500g
Krem do ciała Nivea 300ml;Krem do ciała Nivea 300ml
Krem z orzechów ziemnych z kawałkami 1000g;Krem z orzechów ziemnych z kawałkami 1000g
KremCrunchy500g;Krem Crunchy 500g
KremDuoNussmilk400g;Krem Duo Nussmilk 400g
KremNawilżSOFT 100ml;Krem Nawilżający Soft 100ml
Kren Orzechowy450g;Krem Orzechowy 450g
KrenCrunchy 340g;Krem Crunchy 340g
KrenCrunchy500g;Krem Crunchy 500g
Kret Granulki Udrażniające 40g;Kret Granulki Udrażniające 40g
Krock cukierki;Krock cukierki
Krople do oczu;Krople do oczu
KrügerYummy! Kisiel;Krüger Yummy! Kisiel
Kuchenka mikrofalowa;Kuchenka mikrofalowa
KUKURYDZA DN KONS 260;Kukurydza Konserwowa 260g
Kukurydza popcorn 1000g;Kukurydza popcorn 1000g
KukurydzaDautona400g;Kukurydza Dawtona 400g
Kurczak po Tajsku 400g;Kurczak po Tajsku 400g
Kurczak Połaj 400g;Kurczak po Tajsku 400g
Kurczak Sweet Chilli 400g;Kurczak Sweet Chilli 400g
Kurczak teriyaki 400g;Kurczak Teriyaki 400g
Kurczak Teriyaki400g;Kurczak Teriyaki 400g
KurczakPolaj400g;Kurczak po Tajsku 400g
KurczakPoTaj 400g;Kurczak po Tajsku 400g
KurczakPotaj400g;Kurczak po Tajsku 400g
KurczakTeriyaki400g;Kurczak Teriyaki 400g
KurczKoreaPlMak420g;Kurczak Korea Pi Mar 420g
KurSosSłod-Kwas330g;Kurczak Sos Słodko-Kwaśny 330g
KurSweet Chilli400g;Kurczak Sweet Chilli 400g
KurSweetChilli400g;Kurczak Sweet Chilli 400g
KuskusFasPon220g5;Kuskus Fasola Pon 220g
KuskusFasPon220gS;Kuskus Fasola Pon 220g
KuskusManSL1220g5;Kuskus 220g
KuskusManSli220gS;Kuskus 220g
KVeg.WegwedlPapryka100g;Kiełbasa Wege Papryka 100g
KwasekCytrynBakel20g;Kwasek Cytrynowy Bakalland 20g
LAVAZZA kawa mielona;Lavazza kawa mielona
LodMarlettMix900ml;Lody Marletto Mix 900ml
Lody amerykańskie;Lody amerykańskie
LODY CHUMURKA 90mL;Lody Chmurka 90ml
Lody famil. WALNUT;Lody Familijne Walnut
Lody GoAct StKar 460ml;Lody Go Acti Kar 460ml
LODY GRYCAN 500ML;Lody Grycan 500ml
Lody Koktaj 400 ml;Lody Koktajl 400ml
Lody Pistacjowe Marletto 500ml;Lody Pistacjowe Marletto 500ml
Lody w kubku pistacjowe;Lody w kubku pistacjowe
LodyDiunalińsni 900ml;Lody Diona Wiśnia 900ml
LodyFlurryOuLes250ml;Lody Flurry Oules 250ml
LodyFlurryStoka250ml;Lody Flurry Stoka 250ml
LodyMarłMix500ml;Lody Marletto Mix 500ml
LodyPistacjMar(500ml;Lody Pistacjowe Marletto 500ml
LodyPistacjMarl500ml;Lody Pistacjowe Marletto 500ml
Lotto;Lotto
Loyd Herb. ziel/czar.;Loyd Herbata zielona/czarna
LSC smart conn.wtyczka+miernik 16a bolec;LSC smart gniazdko z miernikiem
Lunch time danie got;Lunch Time danie gotowe
Łosos Kawałki 150g;Łosoś Kawałki 150g
ŁosośKawałki150g;Łosoś Kawałki 150g
Maalox 40 tabl./C/;Maalox 40 tabl.
Mak Pas CapDan250g;Makaron Pas Cap Dan 250g
MakaChowMein250g;Makaron Chow Mein 250g
MakaPełnozPszentkg;Mąka Pełnoziarnista Pszenna 1kg
Makar Orient Azja FL 600g;Makaron Orient Azja 600g
Makar. Chow Mein XXL;Makaron Chow Mein XXL
MakarCavatapi500g;Makaron Cavatappi 500g
MakarHongKong1kg;Makaron Hong Kong 1kg
MakaroBiangBiang300g;Makaron Biang Biang 300g
Makaron bez glutenu;Makaron bezglutenowy
Makaron Fusilli;Makaron Fusilli
Makaron Fusilli 500g;Makaron Fusilli 500g
Makaron Hong Kong 1kg;Makaron Hong Kong 1kg
Makaron Kurcz i Warz 400g;Makaron Kurczak i Warzywa 400g
Makaron pełnoziar.;Makaron pełnoziarnisty
Makaron Pełnoziarnisty Penne 500g;Makaron Pełnoziarnisty Penne 500g
Makaron Penne 500g;Makaron Penne 500g
Makaron Penne Rigate;Makaron Penne Rigate
Makaron Singapure 1kg;Makaron Singapurski 1kg
Makaron Singapurski 1kg;Makaron Singapurski 1kg
Makaron Spaghetti;Makaron Spaghetti
Makaron wok;Makaron Wok
Makaroniki świeże;Makaroniki świeże
MakaronoPenPeA500g;Makaron Penne 500g
MakarOnUdonAsia200g;Makaron Udon Azja 200g
MakarOrienAsiaF1600g;Makaron Orient Azja 1000g
MakarSingap1kg;Makaron Singapur 1kg
MakInstaRsiflave250g;Makaron Instant Ser i Flaki 250g
MakowiecPistacj450g;Makowiec Pistacjowy 450g
MakPełnoPenPas500g;Makaron Pełnoziarnisty Penne 500g
Maliny Mrożone Krajanka 500g;Maliny Mrożone Krajanka 500g
Mandarynka luz;Mandarynki luz
Mandarynki 1kg;Mandarynki luz
Mandaryny luz;Mandarynki luz
Mando w czek/Migdały;Mandarynki w czekoladzie/migdały
Mango Dojrzale Szt;Mango Dojrzałe Sztuka
Mango Dojrzałe Szt;Mango Dojrzałe Sztuka
Mango dojrzałe szt.;Mango Dojrzałe Sztuka
Mango Dojrzałe, Szt;Mango Dojrzałe Sztuka
MangoMroznKrain500g;Mango Mrożone Kraina 500g
MANTI COMPLEX 20;Manti Complex 20
MANTI COMPLEX-B;Manti Complex 20
Marcheu Luz;Marchew Luz
Marchew Luz;Marchew Luz
Marchew luzem;Marchew Luz
Marchew z Kaszub 1kg;Marchew z Kaszub 1kg
Marchewka 1kg opak;Marchewka 1kg opakowanie
Marchewka z groszk.;Marchewka z groszkiem
MarcheZGroszMK750g;Marchew z Groszkiem MK 750g
Masto Orz Vitan 350g;Masło Orzechowe Vitan 350g
Materialy przeprowadzkowe;Materiały przeprowadzkowe
Maxi Ciacho 500 g;Maxi Ciacho 500g
Mąka Pełnoziarnista 1kg;Mąka Pełnoziarnista 1kg
Mąka T650P LonNat 1kg;Mąka T650 Poniatowska 1kg
Mąka Typ 650 Polskie pola 1kg;Mąka Typ 650 Polskie Pola 1kg
MC BUŁKA ZIEMNIAC;Mc Bułka Ziemniaczana
MC CHLEB WIELOZ;Mc Chleb Wieloziarnisty
MC CWIARTKA KURCZ;Mc Ćwiartka Kurczaka
MC KREM Z ORZESZ.;Mc Krem z Orzechów
MC MAKARON 500G;Mc Makaron 500g
MC OGÓRKI MAŁOSOL;Mc Ogórki Małosolne
MC PŁATKI OWSIANE;Mc Płatki Owsiane
MC POLĘDWICA SOPO;Mc Polędwica Sopocka
MC SCHAB PIECZONY;Mc Schab Pieczony
MC SER SALAMI 150;Mc Ser Salami 150g
Mcenndy Ciasto;Mcenndy Ciasto
MEDI MEDIVEN ACTIVE Podkolanów;Medi Mediven Active Podkolanówki
MĘSKA RZECZ D.830/840G;Męska Rzecz 840g
Miesz sal ros uf 150g;Mieszanka sałat Rose 150g
Miesz satrosUf150g;Mieszanka sałat 150g
Miesz satrosVF150g;Mieszanka sałat 150g
Miesz satrukUF160g;Mieszanka sałat 160g
Miesz satrukVF160g;Mieszanka sałat 160g
Mieszanka Baitz 125g;Mieszanka Bakalii 125g
Mieszanka chińska;Mieszanka chińska
Mieszanka Chińska 750g;Mieszanka Chińska 750g
Mieszanka Sałat UF 150g;Mieszanka Sałat 150g
Mieszanka studencka;Mieszanka studencka
Mieszanka warzywna 160g;Mieszanka warzywna 160g
MIESZANKA WARZYWNA UF 160G;Mieszanka warzywna 160g
MieszankaChińska750g;Mieszanka Chińska 750g
MieszankaProtBak150g;Mieszanka Proteinowa Bakalland 150g
MieszWiosenna750g;Mieszanka Wiosenna 750g
Mięta/Rumianek herb.;Mięta/Rumianek herbata
Milurit 100 mg x 50 tabl.;Milurit 100 mg x 50 tabl.
Miłosław piwo 0%;Miłosław piwo 0%
MINI BAGIETKA 75g-C;Mini Bagietka 75g
Mini March 200g op;Mini Marchew 200g
Mintaj Panier 770-180g;Mintaj Panierowany 770-180g
MISO 0.145;Miso 0.145
Mix młodych listków;Mix młodych listków
Mix Salat Zlodowa 180g;Mix Sałat Lodowa 180g
Mix sałat;Mix sałat
Mix sałat klas. 200g;Mix sałat klasyczny 200g
Mix sałat klasyczny 400g;Mix sałat klasyczny 400g
Mix Sałat Kłosy VF 120g;Mix Sałat Kłosy 120g
Mix Sałat Tntiis 80g;Mix Sałat Tntiis 80g
Mix Sałat Włos UF 120g;Mix Sałat Włoski 120g
Mix Sałat Włoskich 120g;Mix Sałat Włoski 120g
Mix Sałat Z Lodową 180g;Mix Sałat z Lodową 180g
Mix sałat z rukolą;Mix sałat z rukolą
Mix sałat z sałatą;Mix sałat z sałatą
Mix sałata z lodową 180g;Mix Sałat z Lodową 180g
Mix Sałatek Rodzinnych 220g;Mix Sałatek Rodzinnych 220g
MixSakatZLoduwa180g;Mix Sałat z Lodową 180g
mixsałatmtllis80gvf;Mix sałat 80g
MixSałatZlodową180g;Mix Sałat z Lodową 180g
MixSałatZRzymską160g;Mix Sałat Rzymska 160g
MixSatRodz220GUF;Mix Sałat Rodzinna 220g
MixSatWłosUF120g;Mix Sałat Włoski 120g
MixSatWłosVF120g;Mix Sałat Włoski 120g
MKCafeCremZia1000g;Kawa Marletto Cream 1000g
MKkawa1000g;Kawa Mielona 1000g
Mochi Mango 180g;Mochi Mango 180g
Mochi Matcha 180g;Mochi Matcha 180g
Mus Protein Banan Toffi 170g;Mus Proteinowy Banan Toffi 170g
Mus Protein Bananowo-Toffi 170g;Mus Proteinowy Banan-Toffi 170g
Mus Protein Pistacjowy 170g;Mus Proteinowy Pistacjowy 170g
Musli pełnoziar 750g;Musli pełnoziarniste 750g
MusliMixVitankg;Musli Mix Vitankg
MuslTropVitanella1kg;Musli Tropikalne Vitanella 1kg
MusProteinBanTof170g;Mus Proteinowy Banan Toffi 170g
MusProteinCzeko170g;Mus Proteinowy Czekoladowy 170g
MusProteinPistac170g;Mus Proteinowy Pistacjowy 170g
MUSZELKA Z CYNAMO;Muszelka z cynamonem
Mydło w płynie;Mydło w płynie
MydłoOliwkaLinda500m;Mydło Oliwka Linda 500ml
N.LEWIATAN MINIO POMARANCZA SLOMKA 200ML C;Napój Lewiatan Minio Pomarańcza Słomka 200ml
Nalesniki z p.jabl-c;Naleśniki z jabłkami
Naleśniki;Naleśniki
Naleśniki Jabłko 400g;Naleśniki Jabłko 400g
Naleśniki Jabłkowe 400g;Naleśniki Jabłko 400g
Naleśniki z truskaw.;Naleśniki z truskawkami
NaleśnikiJabłko400g;Naleśniki Jabłko 400g
Nandong Danie błysk.;Nandong Danie Błyskawiczne
NAP JUST PLANTS OW. 1L;Napój Just Plants Owsiany 1L
Nap Mig Vit GU 1L;Napój Mig Vit 1L
Nap Mig Vit GV 1L;Napój Mig Vit 1L
Nap.SojowyGoVege1L;Napój Sojowy Go Vege 1L
NapDus/RyzGoVege1L;Napój Owsiano-Ryżowy Go Vege 1L
NapDusiantGoVege 1L;Napój Owsiany Go Vege 1L
NapDusianyGoVege 1l;Napój Owsiany Go Vege 1L
NapDusiaryGoVege 1l;Napój Owsiany Go Vege 1L
NapKinleyPurTon1l;Napój Kinley Pure Tonic 1L
NAPOJ ML.MULLER 4;Napój Mleczny Muller 4
NapOus/RyzGoVege1L;Napój Owsiano-Ryżowy Go Vege 1L
NapOusianGOVeGe 1l;Napój Owsiany Go Vege 1L
NapOusianyGoVege 1l;Napój Owsiany Go Vege 1L
NapOuslanyGoVege 1L;Napój Owsiany Go Vege 1L
NapOws/RyzGoVege 1L;Napój Owsiano-Ryżowy Go Vege 1L
NapOws/RyžGoVege1L;Napój Owsiano-Ryżowy Go Vege 1L
NapOws/RyżGoVege 1L;Napój Owsiano-Ryżowy Go Vege 1L
NapOws/RyżGoVege1l;Napój Owsiano-Ryżowy Go Vege 1L
NapOwsianyGoVege 1L;Napój Owsiany Go Vege 1L
Napój Inka Owsiany Waniliowy;Napój Inka Owsiany Waniliowy
Napój izotoniczny;Napój izotoniczny
Napój Lemon Soda;Napój Lemon Soda
Napój Mig Vit GV 1L;Napój Mig Vit 1L
Napój Owsiany GoVege 1l;Napój Owsiany Go Vege 1L
Napój Sojowy GOVEGE 1L;Napój Sojowy Go Vege 1L
Napój/Ryż GoVege 1L;Napój Ryżowy Go Vege 1L
NapQusianyGoVege 1L;Napój Owsiany Go Vege 1L
Naprawa roweru;Naprawa roweru
Narzędzie kuchenne;Narzędzia kuchenne
Nasiona chia 500g;Nasiona chia 500g
NasionChiBakador125g;Nasiona Chia Bakador 125g
NatuMix Gryczany 4x100g;NatuMix Gryczany 4x100g
Nebu-Dose Hialuronic 30 ampułek;Nebu-Dose Hialuronic 30 ampułek
Nekarynka luz;Nektarynka luz
Nektarynka Luz;Nektarynka luz
Nektarynki luz;Nektarynki luz
NIVEA MEN Black&White Invisible;Nivea Men Black&White Invisible
NIVEA MEN Sensitive ochronny krem;Nivea Men Sensitive ochronny krem
NiveaRollOnInFr50ml;Nivea Roll-on Fresh 50ml
NiveaRollOnInvis50ml;Nivea Roll-on Invisible 50ml
Nongshin Boul Zupa;Nongshin Bowl Zupa
Nongshin Zupa;Nongshin Zupa
Nowy Wiśnicz Pierogi;Nowy Wiśnicz Pierogi
NUDLE KNORR 63G;Nudle Knorr 63g
NUDLE KNORR 65G;Nudle Knorr 65g
NUDLE KNORR 66G;Nudle Knorr 66g
NudleKinChNandong120g;Nudle Kinchi Nandong 120g
NudlekincNandong120g;Nudle Kimchi Nandong 120g
NudleWoło Nandong 120g;Nudle Wołowe Nandong 120g
Ochraniacze podłogi samoprzylepne;Ochraniacze podłogi samoprzylepne
Odświeżel Oriental 150g;Odświeżacz Orientalny 150g
Odżywka Białkowa Ciasteczkowa 30g;Odżywka Białkowa Ciasteczkowa 30g
Odżywka Białkowa Waniliowa 30g;Odżywka Białkowa Waniliowa 30g
Ogór nało 1100 500g;Ogórki małosolne 500g
OgórBurgNS670 400g;Ogórki Konserwowe 400g
Ogórek grunt luz;Ogórek gruntowy luz
Ogórek Szklar szt;Ogórek Szklarniowy sztuka
OGÓREK SZKLARNIOWY;Ogórek Szklarniowy
Ogórek Szklarniowy szt;Ogórek Szklarniowy sztuka
OgórekSzkLuz;Ogórek Szklarniowy luz
OgórKanaNaSpi670/360;Ogórki Kanapkowe 360g
Ogórki 400g;Ogórki 400g
Ogórki kiszone700g;Ogórki kiszone 700g
Ogórki konserwowe;Ogórki konserwowe
OlejSezamAsia250ml;Olej Sezamowy Azja 250ml
OliukiCzosZiolN150g;Oliwa z oliwek z ziołami 150g
OliukiMarChilliN150g;Oliwa z oliwek z chilli 150g
OliwaOliwCasAze750ml;Oliwa z oliwek Casa Azeite 750ml
OliwiEkIToR160 70g;Oliwa z oliwek 70g
Oliwki Mari Chili 150g;Oliwki Małe Chili 150g
OMRON Nebulizator C101 Essential;Omron Nebulizator C101 Essential
Opakowania zwrotne wydania Pus Alu Kaucja;Opakowania zwrotne
Opłata abonamentowa;Opłata abonamentowa-prąd
Opłata jakościowa całodobowa;Opłata jakościowa całodobowa-prąd
Opłata kogeneracyjna całodobowa;Opłata kogeneracyjna całodobowa-prąd
Opłata mocowa 500 - 1200 kWh;Opłata mocowa 500 - 1200 kWh
Opłata OZE całodobowa;Opłata OZE całodobowa
Opłata przejściowa 500 - 1200 kWh;Opłata przejściowa 500 - 1200 kWh
Opłata stała sieciowa - układ 3-fazowy;Opłata stała sieciowa-prad
Opłata zmienna sieciowa całodobowa;Opłata zmienna sieciowa całodobowa-prąd
Ortanol Max 0,02 g 14 tabl.;Ortanol Max 20mg 14 kaps.
Ortanol Max 20 mg x 14 kaps.;Ortanol Max 20mg 14 kaps.
ORTANOL MAX 20 MG X 14 TABL.;Ortanol Max 20mg 14 tabl.
ORTANOL MAX KAPS.DOJEL. 0,02 G;Ortanol Max 20mg 14 kaps.
ORTANOL MAX KAPS.DOJEL.TWARDE;Ortanol Max 20mg 14 kaps.
ORZECHY LASKOWE;Orzechy Laskowe
OrzechyAlCzek260g;Orzechy w czekoladzie 260g
OrzechyWCzek260g;Orzechy w czekoladzie 260g
Orzeszki Baked Chilly Lime 240g;Orzeszki Baked Chili Lime 240g
Orzeszki w cieście;Orzeszki w cieście
OrzeszkiChrupBBQ200g;Orzeszki chrupiące BBQ 200g
OrzeszkiPoleva260g;Orzeszki w polewie 260g
OrzeszkiPolewa260g;Orzeszki w polewie 260g
OrzeWCzekolMeltl60g;Orzechy w czekoladzie 60g
OusiankaCzekVit400g;Owsianka Czekoladowa z witaminami 400g
OusiankaVitanCze50g;Owsianka Vitanella 50g
OusiankaVitanTru50g;Owsianka Vitanella Truskawkowa 50g
Owsianka Czekoladowa Vit 400g;Owsianka Czekoladowa z witaminami 400g
P LechFreDarFr0,5L;Piwo Lech Free 0,5L
P LechFreeAct 10.5l;Piwo Lech Free 0,5L
P WarkaRadler 0,5l;Piwo Warka Radler 0,5L 0%
PACZEK CIASTECZKOWY 90G;Pączek Ciasteczkowy 90g
PACZEK MIGDAŁ KOKOS 83G;Pączek Migdał Kokos 83g
PaczekCfastKorzen90g;Pączek z konfiturą 90g
PaczekCzek-Orzech90g;Pączek Czekolada Orzech 90g
PaczekNadzTiramis92g;Pączek nadziewany Tiramisu 92g
PALUCH SER;Paluch z serem
PALUCH.CEBULA 100G;Paluch Cebula 100g
Paluchwycieczkowy 70g;Paluch wycieczkowy 70g
PALUCHY FIRMOWE 100G;Paluchy firmowe 100g
Paluszki Beskidzkie Sezam 100g;Paluszki Beskidzkie Sezam 100g
PaluszkiBeskSeza100g;Paluszki Beskidzkie Sezam 100g
PANCAKES BAN 180g-C;Pancakes bananowe 180g
Pancakes Sos Jeżyna 180g;Pancakes sos jeżynowy 180g
PAPI QUEEN AQUA 50szt;Papier toaletowy Queen Aqua 50 szt
Papier Nasz Sp 300g;Papryka Nasza Spiżarnia 300g
Papier Nawilżone Queen 60s;Papier nawilżony Queen 60 szt
PAPIER QUEEN BROLEK;Papier toaletowy Queen 
Papier Toaletowy Morela 3x60s;Papier toaletowy Morela 3x60s
PapiQueenAqua50szt;Papier toaletowy Queen Aqua 50 szt
PaprSłodkaTrzyKolory;Papryka słodka trzy kolory
Papryka Czeru Luz;Papryka czerwona luz
Papryka czerw luz;Papryka czerwona luz
Papryka Slodka Czeru;Papryka słodka czerwona
Papryka Słodka Czeru;Papryka słodka czerwona
Papryka Słodka Czeru Luz;Papryka słodka czerwona luz
Papryka Słodka Czerw;Papryka słodka czerwona
Papryka Słodka Czerwona;Papryka słodka czerwona
ParouFilletKurcz200g;Parówki z fileta kurczaka 200g
ParówIndykKWNatu200g;Parówki z indyka 200g
ParówkiRośli200g;Parówki roślinne 200g
Pas Elnex Sens 75m;Pasta Elmex Sensitive 75ml
PasPaprKaurz180g;Pasta Paprykowa 180g
PastaElnexPrzeciupró;Pasta Elmex Przeciwpróchnicza
PastaGochujang200g;Pasta Gochujang 200g
PastaJaruz170g;Pasta Jarzynowa 170g
PastaMiso200g;Pasta Miso 200g
PastColgWhiteLum 75ml;Pasta Colgate White 75ml
Pasty GoVege 180g;Pasty Go Vege 180g
PastyGoVege180g;Pasty Go Vege 180g
Pasztet roślinny;Pasztet roślinny
PatyczkiAWHisMal42ml;Patyczki kosmetyczne 42ml
Pączek Pistacjo 100g;Pączek Pistacjowy 100g
PączLongSłonPista90g;Pączek Longston Pistacja 90g
Perwoll Black Płyn 1L;Perwoll Black płyn 1L
Pestki Dyni Bak 200g;Pestki Dyni Bakalland 200g
Pestki dyni łuskane 500g;Pestki dyni łuskane 500g
PestkiDyniBak200g;Pestki Dyni Bakalland 200g
pier.ges.zur.350g;Pierogi z serem i żurawiną 350g
Pierogi Mies Ceb 320g;Pierogi mięsne cebula 320g
Pierogi Mies. Ceb 320g;Pierogi mięsne cebula 320g
Pierogi z gęsiną;Pierogi z gęsiną
Pierogi z łosos.;Pierogi z łososiem
Pierogi z mięsem 320g;Pierogi z mięsem 320g
Pierogi z mięsem 400g;Pierogi z mięsem 400g
PierogiMiesCeb320g;Pierogi mięsne cebula 320g
Pierś Pieczona Kraina Wędlin 100g;Pierś pieczona Kraina Wędlin 100g
Pierś z mięs 400g;Pierś z mięsem 400g
Pinsa Margherita 130g;Pinsa Margherita 130g
Piucksiąžtoszo;Piwo Książęce Pszeniczne 0,5L 0%
PiuclechFree;Piwo Lech Free
PiuoWarRado Cyt0,5L;Piwo Warka Radler 0,5L 0%
PiuoZateckyO 0.5LPus;Piwo Zatecky 0%
PiuoŻywiecO 0,5lPusz;Piwo Żywiec 0%
PivoksiąZłoPszo 0,5L;Piwo Książęce 0%
PivoKsiążZłPszo 0,5l;Piwo Książęce 0%
PivoZatecky 0,5l;Piwo Zatecky 0,5l Puszka 0%
PivoZatecky 0.5l;Piwo Zatecky 0,5l Puszka 0%
PivoZyuMalino 0,5l;Piwo Żywiec Malinowe 0%
PivuKsiążęIPA0,5L;Piwo Książęce IPA 0%
Piwo KsiąZłoPszo 0,5l;Piwo KsiąZłoPszo 0,5l 0%
Piwo Książ ZłOPsz0 0,5L;Piwo KsiąZłoPszo 0,5l 0%
Piwo Książę Złoto Pszeniczne 0,5l;Piwo KsiąZłoPszo 0,5l 0%
Piwo Książę ZłPsz 0.5L;Piwo KsiąZłoPszo 0,5l 0%
Piwo Okocim Białe 0,5l;Piwo Okocim Białe 0,5l 0%
Piwo Okocim Białe 0.5L;Piwo Okocim Białe 0,5l 0%
Piwo Tyskie 0,5l;Piwo Tyskie 0,5l 0%
Piwo War Raddler 0,5l;Piwo War Raddler 0,5l 0%
Piwo WarRadO Cyt 0.5L;Piwo War Raddler 0,5l 0%
Piwo Zatecky 0,5l Puszka;Piwo Zatecky 0,5l Puszka 0%
Piwo ZywiecO 0.5l Pusz;Piwo Żywiec 0%
Piwo Żatecky 0.5L;Piwo Zatecky 0,5l Puszka 0%
Piwo Żywiec 0,5l;Piwo Żywiec 0%
PiwoLechFree 0.5l Puszk;Piwo Lech Free
PiwoLechFree0, 5l(Pusz;Piwo Lech Free
PiwoZatecky@ 0,5lPus;Piwo Zatecky 0,5l Puszka 0%
Pizza Farmer 600g;Pizza Farmer 600g
Pizza salami 130g;Pizza Salami 130g
Pizza z Szynką 180g;Pizza z szynką 180g
PizzaGusSal2x380g;Pizza Gusseppe Salami 2x380g
Pizzalberyjska600g;Pizza Gusseppe Salami 2x380g
PizzaPepperGB430g;Pizza Pepperoni 430g
PizzaSpeck400g;Pizza Speck 400g
Placki ziem n 400g;Placki Ziemniaczane 400g
Plastry gotowane;Plastry gotowane
PLATKI OWS GORSKIE500g;Płatki Owsiane Górskie 500g
Plisa zaciemniająca PLEA 101x150cm bezinwazyjna;Plisa zaciemniająca 101x150cm
Plisa zaciemniająca PLEA 68x220cm bezinwazyjna;Plisa zaciemniająca 68x220cm
Plisa zaciemniająca PLEA 98x120cm bezinwazyjna;Plisa zaciemniająca 98x120cm
Plusssz Calcium;Plusssz Calcium
Plusssz Elektrolity;Plusssz Elektrolity
Plusssz Magnez Forte;Plusssz Magnez Forte
Plusssz Multivitan.;Plusssz Multiwitamina
Plusssz Multiwitan.;Plusssz Multiwitamina
Plusssz Wit.C 1000mg;Plusssz Witamina C 1000mg
Płatki Corn Flakes;Płatki Corn Flakes
Płatki CornFlakes 250g;Płatki Corn Flakes 250g
Płatki CzekOrzech 125g;Płatki Czekolada Orzech 125g
Płatki OusGórskie500g;Płatki Owsiane Górskie 500g
Płatki Ows Górskie 500g;Płatki Owsiane Górskie 500g
Płatki owsiane 1000g;Płatki Owsiane 1000g
Płatki owsiane bł.;Płatki Owsiane Błyskawiczne
Płatki Owsiane Błysk 500g;Płatki Owsiane Błyskawiczne 500g
PłatkiOusGorskie500g;Płatki Owsiane Górskie 500g
PłatkiOusGórskie500g;Płatki Owsiane Górskie 500g
PłuoKsiążtoPszo 0.5L;Piwo KsiąZłoPszo 0,5l 0%
Płyn do mycia naczyń Cytrus 1l;Płyn do mycia naczyń Cytrus 1L
Płyn Pervoll 2L;Płyn Perwoll 2L
PłynLenor0.987L;Płyn Lenor 0,987L
PoduszkiNugoliT350g;Płatki śniadaniowe Poduszki 350g
POKROWIEC na WERSALKĘ 190-210cm CIEMNY SZARY welur;Pokrowiec na wersalkę 190-210cm szary
Pokrz./Melisa herb.;Pokrzywa/Melisa herbata
Pom Malin Pols Luz;Pomidory Malinowe Luz
Pomar 1,5kg opak;Pomarańcze 1,5kg opakowanie
POMARAŃCZA -KG;Pomarańcze kg
Pomarańcze Des Luz;Pomarańcze deserowe luz
Pomid gał luz;Pomidory gałązka luz
PomidKrojone400g;Pomidory krojone 400g
Pomidor śliuk 500g;Pomidory śliwkowe 500g
Pomidor śliw 500g;Pomidory śliwkowe 500g
Pomidory rzym.500g;Pomidory rzymskie 500g
PomidPaski270 150g;Pomidory paski 150g
Pompka plast. mini,z węż.i głowicą, uchwyt z blokadą, zacisk AV/DV/FV, dł.265 mm;Pompka plastikowa z akcesoriami
Ponarańcze Des Luz;Pomarańcze deserowe luz
Ponid gał luz;Pomidory gałązka luz
Ponid gat (uz;Pomidory gałązka luz
Ponid gat luz;Pomidory gałązka luz
PonidPaski1270 150g;Pomidory paski 150g
PonioPaski270 150g;Pomidory paski 150g
PopcornSolTop;Popcorn Solony
PopskyKurczak340g;Popski Kurczak 340g
Porzecz 250g opak;Porzeczka 250g opakowanie
PosiłekBut.Aktip500g;Posiłek Butelka Aktyw 500g
PÓŁBAGIETKA 110G;Półbagietka 110g
Półbagietka110g;Półbagietka 110g
Prad;Prąd
Praliny Amer Foodie 40g;Praliny Amer Foodie 40g
Pralka;Pralka
Prażynki ChiliLin100g;Prażynki Chili 100g
Prażynki Teriyaki 100g;Prażynki Teriyaki 100g
PRECEL Z SOLA 95g;Precel z solą 95g
PRECEL Z SOLA 95G C;Precel z solą 95g
Precel z solą;Precel z solą
Precle Karmel Ara 130g;Precle Karmel Orzech 130g
Precle Pol Karmel 130g;Precle Karmel Orzech 130g
PrecleKarmelAra130g;Precle Karmel Orzech 130g
PrecleWPol Karmel 130g;Precle Karmel Orzech 130g
PreclewPolKarmel130g;Precle Karmel Orzech 130g
PreclewPolKarnel130g;Precle Karmel Orzech 130g
Pri Ziemniaczki 400g;Prymki Ziemniaczki 400g
Pringles Chipsy A;Pringles Chipsy
Pro Do Piecz 4X30g;Proszek do pieczenia 4x30g
Proszek do Pieczenia 30g;Proszek do pieczenia 30g
PROWADNICA KULKOWA A 5905354046634;Prowadnica kulkowa meblowa
PrzecPonCulineo500g;Przecier Pomidorowy Culineo 500g
przekaska;Przekąska
Przepriwadzka;Przeprowadzka-usługa
Prześcieradlo;Prześcieradło
PrzPieprzCzaZiaC70g;Pieprz Czarny Ziarnisty 70g
PRZYPR D-PO_P16;Przyprawa D-PO P16
PRZYPR D-PO_P32;Przyprawa D-PO P32
PstraglWedzMarineroKg;Pstrąg Wędzony Marinero kg
Pstrąg tęczowy wędzony;Pstrąg tęczowy wędzony
Pszeniczne Ot piwo;Piwo Pszeniczne 0%
Pt Cornflakes 250g;Płatki Corn Flakes 250g
Pudding Proteinowy Pina Colada 200g;Pudding Proteinowy Pina Colada 200g
PudPanCot-Jagod 180g;Pudding Panna Cotta Jagoda 180g
PudPanCot-Trusk 180g;Pudding Panna Cotta Truskawka 180g
PudProtBiałaCzek200g;Pudding Proteinowy Biała Czekolada 200g
PudProtCaffLatte200g;Pudding Proteinowy Caffè Latte 200g
PudProtPinaColad200g;Pudding Proteinowy Pina Colada 200g
PudProtSł.Karmel200g;Pudding Proteinowy Słony Karmel 200g
PudProtSt.Karmel200g;Pudding Proteinowy Słony Karmel 200g
PudProtWanilia200g;Pudding Proteinowy Wanilia 200g
PureKub Tr-Ban Jab150gN;Puree Kubek Truskawka Banan 150g
PureKubek JagBan150gN;Puree Kubek Jagoda Banan 150g
PureKubekBanMan150gN;Puree Kubek Banan 150g
Pyszne Oko Radości Wiśniowe Poncz 0,5L;Pyszne Oko Radości Wiśniowe 0,5L
Rachuchy Z Jablkami 1320g;Racuchy z Jabłkami 320g
Racuchy Jablkani320g;Racuchy z Jabłkami 320g
Racuchy Z Jabłkami 1320g;Racuchy z Jabłkami 320g
Racuchy z Jabłkami 320g;Racuchy z Jabłkami 320g
RacuchyZJabikani320g;Racuchy z Jabłkami 320g
RacuchyZJablkami320g;Racuchy z Jabłkami 320g
RacuchyZJablkani320g;Racuchy z Jabłkami 320g
RacuchyZJabłkami320g;Racuchy z Jabłkami 320g
RacuchyZJabłkank320g;Racuchy z Jabłkami 320g
RacuchyZZablkan1320g;Racuchy z Jabłkami 320g
Radler Aloe Vera 20%;Radler Aloe Vera 0%
Radler Aloe Vera 20X;Radler Aloe Vera 0%
RANIGAST SOS 12SZ;Ranigast SOS 12 sztuk
RECZNIK Milla X2;Ręcznik papierowy Milla x2
Redukcja zaworu FV/DV-AV[z zaworu presta-rowerowy na samochodowy];Redukcja zaworu dętki FV/DV-AV
Reklamówka 50p;Reklamówka 50μ
Reklamówka 50u;Reklamówka 50μ
Reklamówka 50µ;Reklamówka 50μ
Reklamówka mała rec.;Reklamówka mała
Reklamówka mata rec.;Reklamówka mała
Reklanówka mała rec.;Reklamówka mała
Rennie;Rennie tabletki
Rennie Antacidun 48 tabl./I/INPH/;Rennie Antacidum 48 tabl.
Ręcznik papier. 96l;Ręcznik papierowy 96l
Ręcznik Queen;Ręcznik papierowy Queen
Ręcznik Queen 2 4;Ręcznik papierowy Queen
Rękawice gumowe;Rękawice gumowe
RodzynkiPolewa260g;Rodzynki w polewie 260g
Rogal Suletton 200g;Rogal Świętojański 200g
RogaL Swieton 200g;Rogal Świętojański 200g
Rolada śmiet. z mal.;Rolada śmietankowa z malinami
RosliKAuALaKurcz160g;Roślinna Alternatywa Kurczaka 160g
RoslSznycel200g;Roślinny Sznycel 200g
Roszpon MytaUf 100g;Roszponka Myta 100g
Roszponka uf 100g;Roszponka Myta 100g
RoszponMytaUF100g;Roszponka Myta 100g
RoszponMytaVF100g;Roszponka Myta 100g
RoszponMzutaVF100g;Roszponka Myta 100g
RoszporMytaVF100g;Roszponka Myta 100g
Roślinna kaszanka;Roślinna kaszanka
Roślinne Kiełbaski;Roślinne kiełbaski
Rozpon Myta UF 100g;Roszponka Myta 100g
RukolaMytalVF100g;Rukola Myta 100g
RukolaMytaUF100g;Rukola Myta 100g
RukolaMytaVF100g;Rukola Myta 100g
RUMIANEK HERBAPOL;Rumianek Herbapol
RumianekHerbabel;Rumianek Herbapol
Rumsztyk 400g;Rumsztyk 400g
RunianekHerbapol;Rumianek Herbapol
Runsztuka 400g;Rumsztyk 400g
Runsztyk400g;Rumsztyk 400g
RURKI PANI KUKI Z KREMEM KAKAOWYM 150 g;Rurki Pani Kuki z kremem kakaowym 150g
RURKI PANI KUKI Z KREMEM KAKAOWYM 150 g C;Rurki Pani Kuki z kremem kakaowym 150g
Rurki waflowe;Rurki waflowe
RURKI WAFLOWE MATCHA 150g-C;Rurki Waflowe Matcha 150g
rurki z kremem;Rurki z kremem
RurkiKokos280g;Rurki Kokosowe 280g
RurkiSłonyKarmel280g;Rurki Słony Karmel 280g
Ryz Orient Azja FL 600g;Ryż Orient Azja 600g
RyzBiałyDługo1kg;Ryż Biały Długi kg
RyzOrientAsiaF1600g;Ryż Orient Azja 600g
Ryż Biały Długolkg;Ryż Biały Długi kg
Ryż na mleku;Ryż na mleku
Rzodkiewka 250g opak;Rzodkiewka 250g opakowanie
RZODKIEWKA PĘCZEK;Rzodkiewka pęczek
Rzodkiewki 250g;Rzodkiewki 250g
SajgonkiWarZAF278gS;Sajgonki Warzywne 278g
Sal. MarinTunKon160gE;Sałatka Marinero Tuńczyk 160g
SalanPepperKW100 g;Sałatka Pieprzowa 100g
Salatino Tuńczyk 160g (2 szt.);Sałatka Tuńczyk 160g (2 szt.)
SalatKisOgór510/310g;Sałatka Kiszone Ogórki 310g
SalatLaTunaHek160G;Sałatka z Tuńczykiem 160g
SalatLaTunaSro160G;Sałatka z Tuńczykiem 160g
SalatMariTunPon160gE;Sałatka Marinero Tuńczyk 160g
SalatMariTunPow160gE;Sałatka Marinero Tuńczyk 160g
SalatPomNasSpiz840g;Sałatka Pomidorowa Nasza Spiżarnia 840g
Sałat MarinTuńKon 160g;Sałatka Marinero Tuńczyk 160g
SAŁATA CIĘTA;Sałata cięta
Sałata lodowa szt.;Sałata lodowa sztuka
SAŁATA MIX FIT&ESY AC.;Sałata Mix Fit
Sałata roszponka125g;Sałata roszponka 125g
Sałatka Cukiniowa 360g;Sałatka cukiniowa 360g
Sałatka Kis Ogór 510/310g;Sałatka kiszony ogórek 310g
Sałatka Marin Tuna Kon 160g;Sałatka Marinero Tuńczyk 160g
Sałatka z kaszą;Sałatka z kaszą
Sałatka z Tuńczykiem w Ponach 160g;Sałatka z tuńczykiem 160g
SałatkPonNasSpiz840g;Sałatka Pomidorowa Nasza Spiżarnia 840g
SałatMarinero160g;Sałatka Marinero 160g
Sat.MarinTunKon160gE;Sałatka Marinero Tuńczyk 160g
Schab Wędzony Zawadzkiego 200g;Schab Wędzony Zawadzkiego 200g
Schab/Szynka 100g;Schab/Szynka 100g
Seler naciowy;Seler naciowy
Seler naciowy szt.;Seler naciowy sztuka
Ser edam plastry;Ser Edamski plastry
Ser Mlekovita Edam 150g;Ser Mlekovita Edam 150g
Ser Mlekovita Gouda 150g;Ser Mlekovita Gouda 150g
SER SALAMI 150G;Ser Salami 150g
Serdelki Indyk 300g;Serdelki z indyka 300g
SerdelkiZindyK300;Serdelki z indyka 300g
Serf Mierzu Edans 150g;Ser Mierzwiony Edamski 150g
SerGoudaSwiat 150g;Ser Gouda Świat 150g
SerGoudaŚwiat 150g;Ser Gouda Świat 150g
SerGoudWłoSuia300g;Ser Gouda Włoski 300g
SerKaszebCzarnu.100g;Ser Kaszubski Czarny 100g
SerKrolLightSier135g;Ser Królewski Light 135g
SerMozWiórki 500g;Ser Mozzarella Wiórki 500g
SerMozWiórkiDel300g;Ser Mozzarella Wiórki 300g
Sezanki cynamonowe;Sezamki cynamonowe
SFD DZIKI ORZECH 1000 g CRUNCH;SFD Dziki Orzech 1000g Crunch
SFD OMEGA 3 STRONG 90 kap;SFD Omega 3 Strong 90 kaps.
Sieciówka;Bilet Sieciówka
Siemieniane 400g;Siemię Lniane 400g
Siemię Lniane 400g;Siemię Lniane 400g
SIMPL BURGERY Z Ł;Simpl Burgery z łososia
Skyr Bez Laktozy Truskawkowy 150g;Skyr Bez Laktozy Truskawkowy 150g
Skyr Classic Jogob 150g;Skyr Classic Jogobella 150g
Skyr SzarLotka 150g;Skyr Szarlotka 150g
Skyr Truskawka Brzoskwinia Marakuja 150g;Skyr Truskawka Brzoskwinia Marakuja 150g
Skyr z Mango-Marakuja 150g;Skyr z Mango-Marakuja 150g
SkyrBezLakWanil 150g;Skyr Bez Laktozy Waniliowy 150g
SlimSyrKlonOrzPec92g;Slim Syr Klon Orzech Pecan 92g
Sliuki niebies. luz;Śliwki niebieskie luz
SlonecznikkusBak500g;Słonecznik łuskany Bakalland 500g
Słonecznik Kus Bak 300g;Słonecznik łuskany Bakalland 300g
Słonecznik kus kus Bak 500g;Słonecznik łuskany Bakalland 500g
Słonecznik łuskany 500g;Słonecznik łuskany 500g
SłonecznikKusBak300;Słonecznik łuskany Bakalland 300g
SmakMAK Racuchy;Szamamm Racuchy Jabłko
Smoothie owocowe 0,75l;Smoothie owocowe 0,75l
Sok marchwiowy;Sok marchwiowy
SOK Z CYTR GOBIO0.2L;Sok z cytryny Gobio 0,2l
SOKOŁÓW KIEŁBASA Z B.W;Sokołów Kiełbasa z białym winem
Sos boloński 480g;Sos boloński 480g
Sos MarinGusBel 600g;Sos Mari Gus Bel 600g
Sos pomid. z przypr.;Sos pomidorowy z przyprawami
Sos pomidorowy 400ml;Sos pomidorowy 400ml
SOS PRYMAT WEGIERSKI;Sos Prymat Węgierski
SOS SAŁATKOWY 9G..;Sos sałatkowy 9g
SOS SOJOWY RISOTTO FLA 1000ML;Sos Sojowy Risotto Fla 1000ml
SosMarinGusBeL600g;Sos Marin Gus Bel 600g
SosMerinGusBel500g;Sos Marin Gus Bel 500g
SosSałatFrancKnorr8g;Sos sałatkowy francuski Knorr 8g
SosSałatKoperKnorr8g;Sos sałatkowy koperkowy Knorr 8g
SosSałatkWłosKnorr8g;Sos sałatkowy włoski Knorr 8g
SosSlodkoKuasny290g;Sos słodko-kwaśny 290g
SosSweetChili175ml;Sos Sweet Chili 175ml
SosteriyakiAFL150ml;Sos Teriyaki AFL 150ml
Sól Culineo 1kg;Sól Culineo 1kg
Spaghetti Maktow 900g;Spaghetti Makłowicz 900g
SpaghettiMakłou400g;Spaghetti Makłowicz 400g
SpaghettiMaktoou400g;Spaghetti Makłowicz 400g
SpaghettiMaktow900g;Spaghetti Makłowicz 900g
Spodnie piżamowe;Spodnie piżamowe
SpodydoPizzyGB280g;Spody do pizzy GB 280g
spozywcze;Jedzenie-rózne
SpódDoPizzy230g;Spody do pizzy 230g
SSojAFlavours500ml;Sos sojowy Flavours 500ml
STOPKA MERIDA K-MOUNT KS-MD017;Stopka rowerowa Merida K-Mount
Sur Różowa480/320g;Surówka różowa 480/320g
SUR.RAR.VF 450G;Surówka 450g
SUR.RAZ. VF 450G;Surówka 450g
Surówka 450g;Surówka 450g
Szafka nocna;Szafka nocna
SZAMAMM RACUCH JAB-C;Szamamm Racuchy Jabłko
SZAMAMN PANCAKES MINI;Szamamm Pancakes Mini
SZAMAMN SCHAB GRILL;Szamamm Schab Grill
SZAMAMN SPAGH. BOL-C;Szamamm Spaghetti Bolońskie
Szamann rosl. spag-c;Szamamm roślinne spaghetti
SZARE KLUSKI KP-400G;Szare Kluski KP-400g
Szasz.z kur.z s.ter.;Szaszłyk z kurczaka z serem
SZCZOTKA TOALETOWA TORREBY PLA;Szczotka toaletowa Torreby PLA
Szpinak baby;Szpinak baby
Szynka Mix 100g;Szynka Mix 100g
Szynka Z Wędz kg;Szynka z wędzarni kg
SzynKonKW5100g;Szynka Konserwowa 100g
SzynKonKWS100 g;Szynka Konserwowa 100g
SzynkPolęduMix100g;Szynka Polędwiczka Mix 100g
SzynSzwarc/DelKW100g;Szynka Szwarcwaldzka 100g
Ścierki Perforowane 4 szt;Ścierki perforowane 4 szt.
Śląska z szynki 400g;Śląska z szynki 400g
Śliwka Domowa Luz;Śliwka domowa luz
TABL MANTI COMPLEX;Tabl. Manti Complex
Tabl Rennie X24;Tabl. Rennie x24
Tablet Gripex x12;Tabletki Gripex x12
TablMantiComplex;Tabl. Manti Complex
Tagl Mar Pasta400g;Tagliatelle Mar Pasta 400g
Tarczyński Kabanosy;Tarczyński Kabanosy
Tarczyński Kiełbaski;Tarczyński Kiełbaski
TASMA PAKOWA AKRY;Taśma pakowa akrylowa
Teekanne Herbata X;Teekanne Herbata
Telefon;Telefon-rachunek
Tof.GoVege;Tofu Go Vege 180g
Tofu GoVege 180g;Tofu Go Vege 180g
Tofu naturalne, wędz1;Tofu naturalne wędzone
Tofu naturalne,wędz;Tofu naturalne wędzone
Tofu naturalne,wędz1;Tofu naturalne wędzone
TofuGoVege180g;Tofu Go Vege 180g
Tołpa Men peeling do twarzy z imbirem;Tołpa Men peeling do twarzy z imbirem
Torba foliowa;Torba foliowa
TORBA HDPE 20MY;Torba HDPE
TORBA HOPE 20MY;Torba HDPE
TORBA PAP MALA-A;Torba papierowa mała
TORBA PAPIEROWA;Torba papierowa
TORBA RECYKLING;Torba recyklingowa
Torba T-SHIRT;Torba T-shirt
Torba TShirt1szt;Torba T-shirt
Tortilla pełnoziar;Tortilla pełnoziarnista
TortillaPszenna306g;Tortilla pszenna 306g
TortillaWiel Pet306g;Tortilla wieloziarnista 306g
Tost pełnozia 500g;Chleb tostowy pełnoziarnisty 500g
Truskawka 500g Opa;Truskawka 500g opakowanie
TruskMrożMrożKra750g;Truskawki mrożone Kraina 750g
TuńczykSosWła3x80g;Tuńczyk w sosie własnym 3x80g
TuńczykZWarMeks 280g;Tuńczyk z warzywami po meksykańsku 280g
Twist musli;Twist musli 95g
Twist Musli 95 g;Twist musli 95g
TX.RĘCZNIK KUCHENNY JODEŁKA POLIESTER 38X63CM 51G ZZZ;Ręcznik kuchenny Jodełka poliester
Udo ind majer WGKg;Udo indycze majerankowe kg
Uniqa - fundusz;Uniqa - fundusz
USŁUGA LOGISTYCZNA;Usługa logistyczna
USŁUGA STOMATOLOGICZNA;Usługa stomatologiczna
Venondo Tofu XXL 2p.;Venondo Tofu XXL 2p
Vifon Danie błyskaw.;Vifon danie błyskawiczne
Vifon Zupa Krabowa 70g;Vifon zupa krabowa 70g
Vifon Zupa Ostro-Kwaśna;Vifon zupa ostro-kwaśna
VILEDA Ultramax Box zestaw kompletny do mycia podłóg + książeczka gratis;Vileda Ultramax Box zestaw Mop
WAFEL GORALKI;Wafelek Góralki
Wafelek GORALKI;Wafelek Góralki
Wafelek Roger;Wafelek Roger
Wafelek Roger mlecz.;Wafelek Roger mleczny
Wafelek Roger orzech;Wafelek Roger orzechowy
Wafelki Bonit 8x25g;Wafelki Bonit 8x25g
Wafelku karpatka;Wafelki karpatka
WafelPriPolXXL38-42g;Wafelki PrincePolo XXL 38-42g
Wafle cienkie kukur.;Wafle cienkie kukurydziane
WAFLE FAMIL.ORZ.180G;Wafle familijne orzechowe 180g
Wafle kokosBon200g;Wafle kokosowe Bon 200g
Wafle Kokosowe Bon 200g;Wafle kokosowe Bon 200g
Wafle kukurydziane;Wafle kukurydziane
WAFLE KUPIEC 56G;Wafle Kupiec 56g
WAFLE KUPIEC 60G;Wafle Kupiec 60g
WAFLE KUPIEC KUK.CHILL;Wafle Kupiec kukurydziane chili
WAFLE KUPIEC KUKURYDZI;Wafle Kupiec kukurydziane
Wafle lekkie 130g;Wafle lekkie 130g
WAFLE PRYNCYP. 200g;Wafle pryncypałki 200g
Wafle ryż u polewie;Wafle ryżowe u polewie
WafleFitTajChili130g;Wafle Fit Tajskie Chili 130g
WafleKokosBon200g;Wafle kokosowe Bon 200g
WaFlePrinKrouk40g;Wafle Pryncyps 40g
WafleZeczo200g;Wafle Zeczko 200g
Warkocz z Lukrem 90g;Warkocz z lukrem 90g
Warz HaPat MroKr;Warzywa na patelnię mrożone
Warz.Na Pat. 450gWłos;Warzywa na patelnię 450g włoskie
Warzywa mrożone;Warzywa mrożone
Warzywa na patelnię mrożone Krokodyl 450g;Warzywa na patelnię mrożone Krokodyl 450g
Warzywa Patkrój 450g;Warzywa patelnia 450g
WarzywanaPatel450g;Warzywa na patelnię 450g
WawrzyniecPasta warz;Wawrzyniec pasta warzywna
WED.BALCERZAK 80G ZYWIECKA C;Balcerzak Kiełbasa Żywiecka 80g
Wedel PtasieMleczko;Wedel Ptasie Mleczko
Wegański deser H.P.;Wegański deser
WiadroSzare10l;Wiadro szare 10l
Winiary Przyprawa;Winiary przyprawa
Wino czeru. BEZALKO;Wino czerwone bezalkoholowe
Wino różowe luz;Winogrona różowe luz
Winogr. jas.bezp.luz;Winogrona jasne bezpestkowe luz
WinoGrHEVyVITABi0500g;Winogrona czerwone Heavy Vita Bio 500g
Winogrono 400 g;Winogrono 400g
Winogrono jas luz;Winogrono jasne luz
WinoMionBalKo0,75l;Wino Mionetto 0,75l  bezalkoholowe
WINTER T.KART.MARC.125G;Deser Winter T.Kart. Marc. 125g
WINTER T.MIN STRUC.200G;Deser Winter T.Min. Struc. 200g
WKŁAD DO SZUFLADY NA SZTUĆCE REGULOWANY 37X27,5(44)X4,5CM BIAŁY PP;Wkład do szuflady na sztućce regulowany
Wkład filtrujący BRITA Maxtra Pro Pure Performance (6 szt.);Wkład filtrujący Brita Maxtra Pro (6 szt.)
Wkładki do butów Bennon Warrior 47;Wkładki do butów Bennon Warrior
WKRETY METR.LEB NA A 5905354010543;Wkręty metryczne na sztuki
WODA DO NOWA 0,5l-A;Woda OdNowa 0,5l
Woda Nałęczowianka 0.5L;Woda Nałęczowianka 0,5l
Woda Niegaz 1,5L;Woda niegazowana 1,5l
WODA OD NOWA 0,5l;Woda OdNowa 0,5l
WODA OD NOWA 0,5L-A;Woda OdNowa 0,5l
WODA OSTR. 0,5L;Woda ostra 0,5l
WODA ZYWIEC 0,5l;Woda Żywiec 0,5l
WODA ZYWIEC 500ML;Woda Żywiec 0,5l
WOSP;WOŚP
Wynajem Traficar - opłata startowa samochód osobowy KK13093;Wynajem Traficar - opłata startowa
Wynajem Traficar - opłata startowa samochód osobowy KR8YC92;Wynajem Traficar - opłata startowa
Wynajem Traficar - opłata za postój w dzień samochód osobowy KK13093;Wynajem Traficar - opłata za postój
Wynajem Traficar - opłata za przejechane kilometry samochód osobowy KK13093;Wynajem Traficar - opłata za kilometry
Wynajem Traficar - opłata za przejechane kilometry samochód osobowy KR8YC92;Wynajem Traficar - opłata za kilometry
Zakręcona Przekąska 70g;Zakręcona przekąska 70g
ZEL POD PR STR8 4;Żel pod prysznic str 8
ZestauNaCynan620g;Zestaw na cynamonki 620g
Zielnik Pol. herbatka;Zielnik polski herbata
Zielnik Pol.herbatka;Zielnik polski herbata
Zielnik Pol.herbatka F;Zielnik polski herbata
Zielnik Polski Lipa 24g;Zielnik polski lipa 24g
Zielnik Polski Melisa 140g;Zielnik polski melisa 140g
Zielnik Polski Rumianek 130g;Zielnik polski rumianek 130g
Zielnik Polski Szałwia 24g;Zielnik polski szałwia 24g
ZielnikPolskiMelisa;Zielnik polski melisa
Ziemniaki 1,5kg op;Ziemniaki 1,5kg opakowanie
Ziemniaki Jad Luz;Ziemniaki jadalne luz
ZiemniakiMyteLuz;Ziemniaki myte luz
Zien Mr Potato750g;Ziemniaki Mr Potato 750g
Zioła w piramidkach;Zioła w piramidkach
Zmywak Zosiax 5;Zmywak Zosia 5
Zupa algor Anin 61g;Zupa  Amino 61g
Zupa Bar Czerw Anin 66g;Zupa barszcz czerwony Anin 66g
Zupa Gulasz Amino 59g;Zupa gulaszowa Amino 59g
Zupa kal jarzm 750g;Zupa kalafiorowa z jarzynami 750g
Zupa Nudle Kurczak Knorr 61g;Zupa nudle kurczak Knorr 61g
Zupa Nudle Pomidor 65g;Zupa nudle pomidor 65g
Zupa Nudle Teriyaki 65g;Zupa nudle teriyaki 65g
ZupaJgdrAmin61g;Zupa ogórkowa Amino 61g
ZupaNudKurczKnor61g;Zupa nudle kurczak Knorr 61g
ZupaNudlePomidor65g;Zupa nudle pomidor 65g
ZupaNudleTeryaki165g;Zupa nudle teriyaki 65g
ZupaNudleTeryaki65g;Zupa nudle teriyaki 65g
ZupaRzja Kinch86g;Zupa azjatycka kimchi 86g
ZupaRzjaChicken85g;Zupa azjatycka kurczak 85g
ZupaVifon70g;Zupa Vifon 70g
ZupChinSSmakoUif70 g;Zupa chińska smakowa 70g
ZupChińKurczaVif70 g;Zupa chińska kurczak 70g
ZupChińOstKuaVif70 g;Zupa chińska ostra 70g
ZupInstYellowCurry85g;Zupa instant yellow curry 85g
ZupNudPomPikan63 g;Zupa nudle pomidorowa 63g
ZYGUŁA POLSKA PIECZONA;Kiełbasa Polska pieczona
Żel Do Udrażniania Agent 1kg;Żel do udrażniania Agent 1kg
Żel Fanesiki 400ml Mix;Żel Fanesiki 400ml mix
Żel Nivea Sensiti 500ml;Żel Nivea Sensitive 500ml
Żurawina 250g opak;Żurawina 250g opakowanie
